Model,Accuracy,Precision,Recall,F1-Score,ROC-AUC
Logistic Regression,0.6485,0.3682266009852217,0.6114519427402862,0.45964642582628745,0.6850512736185491
Random Forest,0.724,0.41818181818181815,0.3292433537832311,0.3684210526315789,0.6821874758925345
Gradient Boosting,0.737,0.4031413612565445,0.1574642126789366,0.22647058823529412,0.6666937346981034
Decision Tree,0.6265,0.31676136363636365,0.4560327198364008,0.3738474434199497,0.5934239571025838
