Model,Threshold,Accuracy,Precision,Recall,F1-Score,ROC-AUC
Random Forest,0.4068671244107031,0.655,0.37229987293519695,0.5991820040899796,0.4592476489028213,0.6867714470163586
Ensemble,0.27908346178858395,0.642,0.36039360393603936,0.5991820040899796,0.4500768049155146,0.6794522513158446
Gradient Boosting,0.10440137163925359,0.5945,0.32268722466960353,0.5991820040899796,0.41947029348604153,0.6477515262986226
